record_id,query_id,query_text,display_order,pano_id,best_yaw,image_path,image_file_name,web_path,top_20_M1,top_20_M2,top_20_M3,top_20_M4,top_20_M5,best_view_path
Q01_POOL_0001_XAJI,Q01,"a safe, quiet place with lots of greenery where people can read outdoors",52,pE0KQxK1UuNMRnhkLmodTg,270,D:\AAG\Milano_SVI\lang2img\0_Dataprocessing\views_4\pE0KQxK1UuNMRnhkLmodTg_270.jpg,pE0KQxK1UuNMRnhkLmodTg_270.jpg,images/pE0KQxK1UuNMRnhkLmodTg_270.jpg,1,1,1,1,1,D:\AAG\Milano_SVI\lang2img\0_Dataprocessing\views_4\pE0KQxK1UuNMRnhkLmodTg_270.jpg
Q01_POOL_0002_0Y6D,Q01,"a safe, quiet place with lots of greenery where people can read outdoors",16,5q1_qHGiWP0glAki_2oTRA,90,D:\AAG\Milano_SVI\lang2img\0_Dataprocessing\views_4\5q1_qHGiWP0glAki_2oTRA_090.jpg,5q1_qHGiWP0glAki_2oTRA_090.jpg,images/5q1_qHGiWP0glAki_2oTRA_090.jpg,1,1,0,1,1,D:\AAG\Milano_SVI\lang2img\0_Dataprocessing\views_4\5q1_qHGiWP0glAki_2oTRA_090.jpg
Q01_POOL_0003_PBHS,Q01,"a safe, quiet place with lots of greenery where people can read outdoors",37,QzMd74_7Yeff6YgDNyi2YA,270,D:\AAG\Milano_SVI\lang2img\0_Dataprocessing\views_4\QzMd74_7Yeff6YgDNyi2YA_270.jpg,QzMd74_7Yeff6YgDNyi2YA_270.jpg,images/QzMd74_7Yeff6YgDNyi2YA_270.jpg,1,0,1,1,1,D:\AAG\Milano_SVI\lang2img\0_Dataprocessing\views_4\QzMd74_7Yeff6YgDNyi2YA_270.jpg
Q01_POOL_0004_AHXT,Q01,"a safe, quiet place with lots of greenery where people can read outdoors",68,L93lz-apm9d7ThB9ldi6YQ,90,D:\AAG\Milano_SVI\lang2img\0_Dataprocessing\views_4\L93lz-apm9d7ThB9ldi6YQ_090.jpg,L93lz-apm9d7ThB9ldi6YQ_090.jpg,images/L93lz-apm9d7ThB9ldi6YQ_090.jpg,1,0,1,0,1,D:\AAG\Milano_SVI\lang2img\0_Dataprocessing\views_4\L93lz-apm9d7ThB9ldi6YQ_090.jpg
Q01_POOL_0005_HV3A,Q01,"a safe, quiet place with lots of greenery where people can read outdoors",69,6jMgDoUo0OX-_1WJ0481hw,90,D:\AAG\Milano_SVI\lang2img\0_Dataprocessing\views_4\6jMgDoUo0OX-_1WJ0481hw_090.jpg,6jMgDoUo0OX-_1WJ0481hw_090.jpg,images/6jMgDoUo0OX-_1WJ0481hw_090.jpg,1,0,0,1,1,D:\AAG\Milano_SVI\lang2img\0_Dataprocessing\views_4\6jMgDoUo0OX-_1WJ0481hw_090.jpg
Q01_POOL_0006_3ZMF,Q01,"a safe, quiet place with lots of greenery where people can read outdoors",21,-8hTRznWQS2FET3PIiz99A,90,D:\AAG\Milano_SVI\lang2img\0_Dataprocessing\views_4\-8hTRznWQS2FET3PIiz99A_090.jpg,-8hTRznWQS2FET3PIiz99A_090.jpg,images/-8hTRznWQS2FET3PIiz99A_090.jpg,0,0,1,1,1,D:\AAG\Milano_SVI\lang2img\0_Dataprocessing\views_4\-8hTRznWQS2FET3PIiz99A_090.jpg
Q01_POOL_0007_8MDD,Q01,"a safe, quiet place with lots of greenery where people can read outdoors",51,8HB7cpW8qt_6kvvD9b2D2g,90,D:\AAG\Milano_SVI\lang2img\0_Dataprocessing\views_4\8HB7cpW8qt_6kvvD9b2D2g_090.jpg,8HB7cpW8qt_6kvvD9b2D2g_090.jpg,images/8HB7cpW8qt_6kvvD9b2D2g_090.jpg,0,0,1,1,1,D:\AAG\Milano_SVI\lang2img\0_Dataprocessing\views_4\8HB7cpW8qt_6kvvD9b2D2g_090.jpg
Q01_POOL_0008_4V30,Q01,"a safe, quiet place with lots of greenery where people can read outdoors",66,GU6MEgrUll5p6mOKX7O1KQ,270,D:\AAG\Milano_SVI\lang2img\0_Dataprocessing\views_4\GU6MEgrUll5p6mOKX7O1KQ_270.jpg,GU6MEgrUll5p6mOKX7O1KQ_270.jpg,images/GU6MEgrUll5p6mOKX7O1KQ_270.jpg,1,1,0,0,0,D:\AAG\Milano_SVI\lang2img\0_Dataprocessing\views_4\GU6MEgrUll5p6mOKX7O1KQ_270.jpg
Q01_POOL_0009_T9NT,Q01,"a safe, quiet place with lots of greenery where people can read outdoors",32,PO-5KYBVQbsZ4dPjA2vd6g,90,D:\AAG\Milano_SVI\lang2img\0_Dataprocessing\views_4\PO-5KYBVQbsZ4dPjA2vd6g_090.jpg,PO-5KYBVQbsZ4dPjA2vd6g_090.jpg,images/PO-5KYBVQbsZ4dPjA2vd6g_090.jpg,1,1,0,0,0,D:\AAG\Milano_SVI\lang2img\0_Dataprocessing\views_4\PO-5KYBVQbsZ4dPjA2vd6g_090.jpg
Q01_POOL_0010_3W5U,Q01,"a safe, quiet place with lots of greenery where people can read outdoors",70,x0yyV64K815vf2pZFKnAPA,270,D:\AAG\Milano_SVI\lang2img\0_Dataprocessing\views_4\x0yyV64K815vf2pZFKnAPA_270.jpg,x0yyV64K815vf2pZFKnAPA_270.jpg,images/x0yyV64K815vf2pZFKnAPA_270.jpg,1,1,0,0,0,D:\AAG\Milano_SVI\lang2img\0_Dataprocessing\views_4\x0yyV64K815vf2pZFKnAPA_270.jpg
Q01_POOL_0011_ZBIK,Q01,"a safe, quiet place with lots of greenery where people can read outdoors",25,CQP3uMAlobXtwK6dlJcmbg,270,D:\AAG\Milano_SVI\lang2img\0_Dataprocessing\views_4\CQP3uMAlobXtwK6dlJcmbg_270.jpg,CQP3uMAlobXtwK6dlJcmbg_270.jpg,images/CQP3uMAlobXtwK6dlJcmbg_270.jpg,1,0,1,0,0,D:\AAG\Milano_SVI\lang2img\0_Dataprocessing\views_4\CQP3uMAlobXtwK6dlJcmbg_270.jpg
Q01_POOL_0012_CIDK,Q01,"a safe, quiet place with lots of greenery where people can read outdoors",15,ZUVWpjAW_RCAuQFBgmYQDA,90,D:\AAG\Milano_SVI\lang2img\0_Dataprocessing\views_4\ZUVWpjAW_RCAuQFBgmYQDA_090.jpg,ZUVWpjAW_RCAuQFBgmYQDA_090.jpg,images/ZUVWpjAW_RCAuQFBgmYQDA_090.jpg,1,0,1,0,0,D:\AAG\Milano_SVI\lang2img\0_Dataprocessing\views_4\ZUVWpjAW_RCAuQFBgmYQDA_090.jpg
Q01_POOL_0013_WNNH,Q01,"a safe, quiet place with lots of greenery where people can read outdoors",13,cpqhv9Rjb5B7XVuQMY7reQ,270,D:\AAG\Milano_SVI\lang2img\0_Dataprocessing\views_4\cpqhv9Rjb5B7XVuQMY7reQ_270.jpg,cpqhv9Rjb5B7XVuQMY7reQ_270.jpg,images/cpqhv9Rjb5B7XVuQMY7reQ_270.jpg,1,0,1,0,0,D:\AAG\Milano_SVI\lang2img\0_Dataprocessing\views_4\cpqhv9Rjb5B7XVuQMY7reQ_270.jpg
Q01_POOL_0014_J7XV,Q01,"a safe, quiet place with lots of greenery where people can read outdoors",67,blXDCgzLGyNiV_ma4ELu_g,270,D:\AAG\Milano_SVI\lang2img\0_Dataprocessing\views_4\blXDCgzLGyNiV_ma4ELu_g_270.jpg,blXDCgzLGyNiV_ma4ELu_g_270.jpg,images/blXDCgzLGyNiV_ma4ELu_g_270.jpg,1,0,0,0,1,D:\AAG\Milano_SVI\lang2img\0_Dataprocessing\views_4\blXDCgzLGyNiV_ma4ELu_g_270.jpg
Q01_POOL_0015_G0FN,Q01,"a safe, quiet place with lots of greenery where people can read outdoors",19,ohIm2SdJ1gIQffK2BYqrYg,270,D:\AAG\Milano_SVI\lang2img\0_Dataprocessing\views_4\ohIm2SdJ1gIQffK2BYqrYg_270.jpg,ohIm2SdJ1gIQffK2BYqrYg_270.jpg,images/ohIm2SdJ1gIQffK2BYqrYg_270.jpg,1,0,0,0,1,D:\AAG\Milano_SVI\lang2img\0_Dataprocessing\views_4\ohIm2SdJ1gIQffK2BYqrYg_270.jpg
Q01_POOL_0016_9XUY,Q01,"a safe, quiet place with lots of greenery where people can read outdoors",23,OyFey7TwV5GrhicRry6oiA,270,D:\AAG\Milano_SVI\lang2img\0_Dataprocessing\views_4\OyFey7TwV5GrhicRry6oiA_270.jpg,OyFey7TwV5GrhicRry6oiA_270.jpg,images/OyFey7TwV5GrhicRry6oiA_270.jpg,0,0,1,0,1,D:\AAG\Milano_SVI\lang2img\0_Dataprocessing\views_4\OyFey7TwV5GrhicRry6oiA_270.jpg
Q01_POOL_0017_41IB,Q01,"a safe, quiet place with lots of greenery where people can read outdoors",42,aD2j2wCCnw4tnnM_y4aOYQ,270,D:\AAG\Milano_SVI\lang2img\0_Dataprocessing\views_4\aD2j2wCCnw4tnnM_y4aOYQ_270.jpg,aD2j2wCCnw4tnnM_y4aOYQ_270.jpg,images/aD2j2wCCnw4tnnM_y4aOYQ_270.jpg,0,0,1,0,1,D:\AAG\Milano_SVI\lang2img\0_Dataprocessing\views_4\aD2j2wCCnw4tnnM_y4aOYQ_270.jpg
Q01_POOL_0018_LJH7,Q01,"a safe, quiet place with lots of greenery where people can read outdoors",14,90L9lMBYvod2Jyy0JwajjQ,90,D:\AAG\Milano_SVI\lang2img\0_Dataprocessing\views_4\90L9lMBYvod2Jyy0JwajjQ_090.jpg,90L9lMBYvod2Jyy0JwajjQ_090.jpg,images/90L9lMBYvod2Jyy0JwajjQ_090.jpg,0,0,0,1,1,D:\AAG\Milano_SVI\lang2img\0_Dataprocessing\views_4\90L9lMBYvod2Jyy0JwajjQ_090.jpg
Q01_POOL_0019_5LXO,Q01,"a safe, quiet place with lots of greenery where people can read outdoors",59,co7aGdotjirG7jIWaRXh4A,270,D:\AAG\Milano_SVI\lang2img\0_Dataprocessing\views_4\co7aGdotjirG7jIWaRXh4A_270.jpg,co7aGdotjirG7jIWaRXh4A_270.jpg,images/co7aGdotjirG7jIWaRXh4A_270.jpg,0,0,0,1,1,D:\AAG\Milano_SVI\lang2img\0_Dataprocessing\views_4\co7aGdotjirG7jIWaRXh4A_270.jpg
Q01_POOL_0020_6QJI,Q01,"a safe, quiet place with lots of greenery where people can read outdoors",30,2bplupzItRwcd4jrhvrrPA,180,D:\AAG\Milano_SVI\lang2img\0_Dataprocessing\views_4\2bplupzItRwcd4jrhvrrPA_180.jpg,2bplupzItRwcd4jrhvrrPA_180.jpg,images/2bplupzItRwcd4jrhvrrPA_180.jpg,1,0,0,0,0,D:\AAG\Milano_SVI\lang2img\0_Dataprocessing\views_4\2bplupzItRwcd4jrhvrrPA_180.jpg
Q01_POOL_0021_UJV6,Q01,"a safe, quiet place with lots of greenery where people can read outdoors",4,7zqc_5vCV9noJn-4mKEPwA,270,D:\AAG\Milano_SVI\lang2img\0_Dataprocessing\views_4\7zqc_5vCV9noJn-4mKEPwA_270.jpg,7zqc_5vCV9noJn-4mKEPwA_270.jpg,images/7zqc_5vCV9noJn-4mKEPwA_270.jpg,1,0,0,0,0,D:\AAG\Milano_SVI\lang2img\0_Dataprocessing\views_4\7zqc_5vCV9noJn-4mKEPwA_270.jpg
Q01_POOL_0022_OH9S,Q01,"a safe, quiet place with lots of greenery where people can read outdoors",38,VahihbthkdDVRGmumgjzrg,270,D:\AAG\Milano_SVI\lang2img\0_Dataprocessing\views_4\VahihbthkdDVRGmumgjzrg_270.jpg,VahihbthkdDVRGmumgjzrg_270.jpg,images/VahihbthkdDVRGmumgjzrg_270.jpg,1,0,0,0,0,D:\AAG\Milano_SVI\lang2img\0_Dataprocessing\views_4\VahihbthkdDVRGmumgjzrg_270.jpg
Q01_POOL_0023_DBDW,Q01,"a safe, quiet place with lots of greenery where people can read outdoors",43,VuTIbd50JY4GQbVUCLy83w,270,D:\AAG\Milano_SVI\lang2img\0_Dataprocessing\views_4\VuTIbd50JY4GQbVUCLy83w_270.jpg,VuTIbd50JY4GQbVUCLy83w_270.jpg,images/VuTIbd50JY4GQbVUCLy83w_270.jpg,1,0,0,0,0,D:\AAG\Milano_SVI\lang2img\0_Dataprocessing\views_4\VuTIbd50JY4GQbVUCLy83w_270.jpg
Q01_POOL_0024_2PCN,Q01,"a safe, quiet place with lots of greenery where people can read outdoors",56,_k4y4KWZAlzByaThepP5pw,270,D:\AAG\Milano_SVI\lang2img\0_Dataprocessing\views_4\_k4y4KWZAlzByaThepP5pw_270.jpg,_k4y4KWZAlzByaThepP5pw_270.jpg,images/_k4y4KWZAlzByaThepP5pw_270.jpg,1,0,0,0,0,D:\AAG\Milano_SVI\lang2img\0_Dataprocessing\views_4\_k4y4KWZAlzByaThepP5pw_270.jpg
Q01_POOL_0025_9T84,Q01,"a safe, quiet place with lots of greenery where people can read outdoors",64,elqG5pwU4uxHCpETZgrbiQ,270,D:\AAG\Milano_SVI\lang2img\0_Dataprocessing\views_4\elqG5pwU4uxHCpETZgrbiQ_270.jpg,elqG5pwU4uxHCpETZgrbiQ_270.jpg,images/elqG5pwU4uxHCpETZgrbiQ_270.jpg,1,0,0,0,0,D:\AAG\Milano_SVI\lang2img\0_Dataprocessing\views_4\elqG5pwU4uxHCpETZgrbiQ_270.jpg
Q01_POOL_0026_AZYT,Q01,"a safe, quiet place with lots of greenery where people can read outdoors",31,ueefn4lAKZ5ie1pPmji0GQ,270,D:\AAG\Milano_SVI\lang2img\0_Dataprocessing\views_4\ueefn4lAKZ5ie1pPmji0GQ_270.jpg,ueefn4lAKZ5ie1pPmji0GQ_270.jpg,images/ueefn4lAKZ5ie1pPmji0GQ_270.jpg,1,0,0,0,0,D:\AAG\Milano_SVI\lang2img\0_Dataprocessing\views_4\ueefn4lAKZ5ie1pPmji0GQ_270.jpg
Q01_POOL_0027_JXEP,Q01,"a safe, quiet place with lots of greenery where people can read outdoors",2,3NNerl9LOKKPEd7p08CmHg,270,D:\AAG\Milano_SVI\lang2img\0_Dataprocessing\views_4\3NNerl9LOKKPEd7p08CmHg_270.jpg,3NNerl9LOKKPEd7p08CmHg_270.jpg,images/3NNerl9LOKKPEd7p08CmHg_270.jpg,0,1,0,0,0,D:\AAG\Milano_SVI\lang2img\0_Dataprocessing\views_4\3NNerl9LOKKPEd7p08CmHg_270.jpg
Q01_POOL_0028_Q85J,Q01,"a safe, quiet place with lots of greenery where people can read outdoors",40,61kdjoXsaCU8z4OM5MkydQ,270,D:\AAG\Milano_SVI\lang2img\0_Dataprocessing\views_4\61kdjoXsaCU8z4OM5MkydQ_270.jpg,61kdjoXsaCU8z4OM5MkydQ_270.jpg,images/61kdjoXsaCU8z4OM5MkydQ_270.jpg,0,1,0,0,0,D:\AAG\Milano_SVI\lang2img\0_Dataprocessing\views_4\61kdjoXsaCU8z4OM5MkydQ_270.jpg
Q01_POOL_0029_SG65,Q01,"a safe, quiet place with lots of greenery where people can read outdoors",26,CoF8dLn7eg0pdVILnkQLkw,270,D:\AAG\Milano_SVI\lang2img\0_Dataprocessing\views_4\CoF8dLn7eg0pdVILnkQLkw_270.jpg,CoF8dLn7eg0pdVILnkQLkw_270.jpg,images/CoF8dLn7eg0pdVILnkQLkw_270.jpg,0,1,0,0,0,D:\AAG\Milano_SVI\lang2img\0_Dataprocessing\views_4\CoF8dLn7eg0pdVILnkQLkw_270.jpg
Q01_POOL_0030_KXVF,Q01,"a safe, quiet place with lots of greenery where people can read outdoors",49,DSHv871I7kYztLs4o3uPiw,270,D:\AAG\Milano_SVI\lang2img\0_Dataprocessing\views_4\DSHv871I7kYztLs4o3uPiw_270.jpg,DSHv871I7kYztLs4o3uPiw_270.jpg,images/DSHv871I7kYztLs4o3uPiw_270.jpg,0,1,0,0,0,D:\AAG\Milano_SVI\lang2img\0_Dataprocessing\views_4\DSHv871I7kYztLs4o3uPiw_270.jpg
Q01_POOL_0031_1T2T,Q01,"a safe, quiet place with lots of greenery where people can read outdoors",12,KQ2qoyxmqzzslxv_rGTUuw,270,D:\AAG\Milano_SVI\lang2img\0_Dataprocessing\views_4\KQ2qoyxmqzzslxv_rGTUuw_270.jpg,KQ2qoyxmqzzslxv_rGTUuw_270.jpg,images/KQ2qoyxmqzzslxv_rGTUuw_270.jpg,0,1,0,0,0,D:\AAG\Milano_SVI\lang2img\0_Dataprocessing\views_4\KQ2qoyxmqzzslxv_rGTUuw_270.jpg
Q01_POOL_0032_ALA7,Q01,"a safe, quiet place with lots of greenery where people can read outdoors",20,UOROjXAD_XFIWsBAJaItdQ,90,D:\AAG\Milano_SVI\lang2img\0_Dataprocessing\views_4\UOROjXAD_XFIWsBAJaItdQ_090.jpg,UOROjXAD_XFIWsBAJaItdQ_090.jpg,images/UOROjXAD_XFIWsBAJaItdQ_090.jpg,0,1,0,0,0,D:\AAG\Milano_SVI\lang2img\0_Dataprocessing\views_4\UOROjXAD_XFIWsBAJaItdQ_090.jpg
Q01_POOL_0033_53LC,Q01,"a safe, quiet place with lots of greenery where people can read outdoors",39,VUkC-BSBqtAKU1cMaqfOdQ,90,D:\AAG\Milano_SVI\lang2img\0_Dataprocessing\views_4\VUkC-BSBqtAKU1cMaqfOdQ_090.jpg,VUkC-BSBqtAKU1cMaqfOdQ_090.jpg,images/VUkC-BSBqtAKU1cMaqfOdQ_090.jpg,0,1,0,0,0,D:\AAG\Milano_SVI\lang2img\0_Dataprocessing\views_4\VUkC-BSBqtAKU1cMaqfOdQ_090.jpg
Q01_POOL_0034_58DR,Q01,"a safe, quiet place with lots of greenery where people can read outdoors",60,YeaDYbnY0Ec3nE2mjf0dUA,270,D:\AAG\Milano_SVI\lang2img\0_Dataprocessing\views_4\YeaDYbnY0Ec3nE2mjf0dUA_270.jpg,YeaDYbnY0Ec3nE2mjf0dUA_270.jpg,images/YeaDYbnY0Ec3nE2mjf0dUA_270.jpg,0,1,0,0,0,D:\AAG\Milano_SVI\lang2img\0_Dataprocessing\views_4\YeaDYbnY0Ec3nE2mjf0dUA_270.jpg
Q01_POOL_0035_C11E,Q01,"a safe, quiet place with lots of greenery where people can read outdoors",47,aglCcSG0SwLNq1X_tiOywA,270,D:\AAG\Milano_SVI\lang2img\0_Dataprocessing\views_4\aglCcSG0SwLNq1X_tiOywA_270.jpg,aglCcSG0SwLNq1X_tiOywA_270.jpg,images/aglCcSG0SwLNq1X_tiOywA_270.jpg,0,1,0,0,0,D:\AAG\Milano_SVI\lang2img\0_Dataprocessing\views_4\aglCcSG0SwLNq1X_tiOywA_270.jpg
Q01_POOL_0036_RTJ5,Q01,"a safe, quiet place with lots of greenery where people can read outdoors",53,iM5SWl_4M2nO_NfPqNiRzA,90,D:\AAG\Milano_SVI\lang2img\0_Dataprocessing\views_4\iM5SWl_4M2nO_NfPqNiRzA_090.jpg,iM5SWl_4M2nO_NfPqNiRzA_090.jpg,images/iM5SWl_4M2nO_NfPqNiRzA_090.jpg,0,1,0,0,0,D:\AAG\Milano_SVI\lang2img\0_Dataprocessing\views_4\iM5SWl_4M2nO_NfPqNiRzA_090.jpg
Q01_POOL_0037_PHT0,Q01,"a safe, quiet place with lots of greenery where people can read outdoors",45,jQ9HrSzbLZunRRwFdZW5cg,270,D:\AAG\Milano_SVI\lang2img\0_Dataprocessing\views_4\jQ9HrSzbLZunRRwFdZW5cg_270.jpg,jQ9HrSzbLZunRRwFdZW5cg_270.jpg,images/jQ9HrSzbLZunRRwFdZW5cg_270.jpg,0,1,0,0,0,D:\AAG\Milano_SVI\lang2img\0_Dataprocessing\views_4\jQ9HrSzbLZunRRwFdZW5cg_270.jpg
Q01_POOL_0038_HL9X,Q01,"a safe, quiet place with lots of greenery where people can read outdoors",24,n501G7FgmRW1hBWgQBZggg,90,D:\AAG\Milano_SVI\lang2img\0_Dataprocessing\views_4\n501G7FgmRW1hBWgQBZggg_090.jpg,n501G7FgmRW1hBWgQBZggg_090.jpg,images/n501G7FgmRW1hBWgQBZggg_090.jpg,0,1,0,0,0,D:\AAG\Milano_SVI\lang2img\0_Dataprocessing\views_4\n501G7FgmRW1hBWgQBZggg_090.jpg
Q01_POOL_0039_PSEI,Q01,"a safe, quiet place with lots of greenery where people can read outdoors",58,p-tm9orK6kOiKyvKQ9ftkQ,270,D:\AAG\Milano_SVI\lang2img\0_Dataprocessing\views_4\p-tm9orK6kOiKyvKQ9ftkQ_270.jpg,p-tm9orK6kOiKyvKQ9ftkQ_270.jpg,images/p-tm9orK6kOiKyvKQ9ftkQ_270.jpg,0,1,0,0,0,D:\AAG\Milano_SVI\lang2img\0_Dataprocessing\views_4\p-tm9orK6kOiKyvKQ9ftkQ_270.jpg
Q01_POOL_0040_MVIH,Q01,"a safe, quiet place with lots of greenery where people can read outdoors",35,pAkKXsekpX_s9AhbPINCpg,90,D:\AAG\Milano_SVI\lang2img\0_Dataprocessing\views_4\pAkKXsekpX_s9AhbPINCpg_090.jpg,pAkKXsekpX_s9AhbPINCpg_090.jpg,images/pAkKXsekpX_s9AhbPINCpg_090.jpg,0,1,0,0,0,D:\AAG\Milano_SVI\lang2img\0_Dataprocessing\views_4\pAkKXsekpX_s9AhbPINCpg_090.jpg
Q01_POOL_0041_CWI6,Q01,"a safe, quiet place with lots of greenery where people can read outdoors",10,sLLYh0L7H9jwEul76e1cCw,270,D:\AAG\Milano_SVI\lang2img\0_Dataprocessing\views_4\sLLYh0L7H9jwEul76e1cCw_270.jpg,sLLYh0L7H9jwEul76e1cCw_270.jpg,images/sLLYh0L7H9jwEul76e1cCw_270.jpg,0,1,0,0,0,D:\AAG\Milano_SVI\lang2img\0_Dataprocessing\views_4\sLLYh0L7H9jwEul76e1cCw_270.jpg
Q01_POOL_0042_4CIY,Q01,"a safe, quiet place with lots of greenery where people can read outdoors",5,0ByVqbBqd0Xiox2OhycxUw,270,D:\AAG\Milano_SVI\lang2img\0_Dataprocessing\views_4\0ByVqbBqd0Xiox2OhycxUw_270.jpg,0ByVqbBqd0Xiox2OhycxUw_270.jpg,images/0ByVqbBqd0Xiox2OhycxUw_270.jpg,0,0,1,0,0,D:\AAG\Milano_SVI\lang2img\0_Dataprocessing\views_4\0ByVqbBqd0Xiox2OhycxUw_270.jpg
Q01_POOL_0043_HE7U,Q01,"a safe, quiet place with lots of greenery where people can read outdoors",8,5zQgjTFreXXwUJsxZl-zxA,270,D:\AAG\Milano_SVI\lang2img\0_Dataprocessing\views_4\5zQgjTFreXXwUJsxZl-zxA_270.jpg,5zQgjTFreXXwUJsxZl-zxA_270.jpg,images/5zQgjTFreXXwUJsxZl-zxA_270.jpg,0,0,1,0,0,D:\AAG\Milano_SVI\lang2img\0_Dataprocessing\views_4\5zQgjTFreXXwUJsxZl-zxA_270.jpg
Q01_POOL_0044_R23G,Q01,"a safe, quiet place with lots of greenery where people can read outdoors",57,96noJkCxyDlXf_N-iWKIkQ,90,D:\AAG\Milano_SVI\lang2img\0_Dataprocessing\views_4\96noJkCxyDlXf_N-iWKIkQ_090.jpg,96noJkCxyDlXf_N-iWKIkQ_090.jpg,images/96noJkCxyDlXf_N-iWKIkQ_090.jpg,0,0,1,0,0,D:\AAG\Milano_SVI\lang2img\0_Dataprocessing\views_4\96noJkCxyDlXf_N-iWKIkQ_090.jpg
Q01_POOL_0045_DPPQ,Q01,"a safe, quiet place with lots of greenery where people can read outdoors",55,BM2nZjBPieUrdESpHgcweA,90,D:\AAG\Milano_SVI\lang2img\0_Dataprocessing\views_4\BM2nZjBPieUrdESpHgcweA_090.jpg,BM2nZjBPieUrdESpHgcweA_090.jpg,images/BM2nZjBPieUrdESpHgcweA_090.jpg,0,0,1,0,0,D:\AAG\Milano_SVI\lang2img\0_Dataprocessing\views_4\BM2nZjBPieUrdESpHgcweA_090.jpg
Q01_POOL_0046_0Y9D,Q01,"a safe, quiet place with lots of greenery where people can read outdoors",61,BoBnw0kE-hSCudCliTC6wg,90,D:\AAG\Milano_SVI\lang2img\0_Dataprocessing\views_4\BoBnw0kE-hSCudCliTC6wg_090.jpg,BoBnw0kE-hSCudCliTC6wg_090.jpg,images/BoBnw0kE-hSCudCliTC6wg_090.jpg,0,0,1,0,0,D:\AAG\Milano_SVI\lang2img\0_Dataprocessing\views_4\BoBnw0kE-hSCudCliTC6wg_090.jpg
Q01_POOL_0047_OM5I,Q01,"a safe, quiet place with lots of greenery where people can read outdoors",46,J6hUqFXCGf_pGvl10XPA8w,90,D:\AAG\Milano_SVI\lang2img\0_Dataprocessing\views_4\J6hUqFXCGf_pGvl10XPA8w_090.jpg,J6hUqFXCGf_pGvl10XPA8w_090.jpg,images/J6hUqFXCGf_pGvl10XPA8w_090.jpg,0,0,1,0,0,D:\AAG\Milano_SVI\lang2img\0_Dataprocessing\views_4\J6hUqFXCGf_pGvl10XPA8w_090.jpg
Q01_POOL_0048_GQPK,Q01,"a safe, quiet place with lots of greenery where people can read outdoors",36,cuJEMUjZ8-CA_00sXAZ1SQ,270,D:\AAG\Milano_SVI\lang2img\0_Dataprocessing\views_4\cuJEMUjZ8-CA_00sXAZ1SQ_270.jpg,cuJEMUjZ8-CA_00sXAZ1SQ_270.jpg,images/cuJEMUjZ8-CA_00sXAZ1SQ_270.jpg,0,0,1,0,0,D:\AAG\Milano_SVI\lang2img\0_Dataprocessing\views_4\cuJEMUjZ8-CA_00sXAZ1SQ_270.jpg
Q01_POOL_0049_I7P5,Q01,"a safe, quiet place with lots of greenery where people can read outdoors",29,g9nxvvlQpOrdLnpHkZ2zuw,270,D:\AAG\Milano_SVI\lang2img\0_Dataprocessing\views_4\g9nxvvlQpOrdLnpHkZ2zuw_270.jpg,g9nxvvlQpOrdLnpHkZ2zuw_270.jpg,images/g9nxvvlQpOrdLnpHkZ2zuw_270.jpg,0,0,1,0,0,D:\AAG\Milano_SVI\lang2img\0_Dataprocessing\views_4\g9nxvvlQpOrdLnpHkZ2zuw_270.jpg
Q01_POOL_0050_TB94,Q01,"a safe, quiet place with lots of greenery where people can read outdoors",48,nMd4N0w6T5UapXxUSvRtDA,90,D:\AAG\Milano_SVI\lang2img\0_Dataprocessing\views_4\nMd4N0w6T5UapXxUSvRtDA_090.jpg,nMd4N0w6T5UapXxUSvRtDA_090.jpg,images/nMd4N0w6T5UapXxUSvRtDA_090.jpg,0,0,1,0,0,D:\AAG\Milano_SVI\lang2img\0_Dataprocessing\views_4\nMd4N0w6T5UapXxUSvRtDA_090.jpg
Q01_POOL_0051_874F,Q01,"a safe, quiet place with lots of greenery where people can read outdoors",11,om2LeLTpxiXMrdtLecW8-A,270,D:\AAG\Milano_SVI\lang2img\0_Dataprocessing\views_4\om2LeLTpxiXMrdtLecW8-A_270.jpg,om2LeLTpxiXMrdtLecW8-A_270.jpg,images/om2LeLTpxiXMrdtLecW8-A_270.jpg,0,0,1,0,0,D:\AAG\Milano_SVI\lang2img\0_Dataprocessing\views_4\om2LeLTpxiXMrdtLecW8-A_270.jpg
Q01_POOL_0052_RHOC,Q01,"a safe, quiet place with lots of greenery where people can read outdoors",17,APY0g9qX0roKGCz_7UwUsg,90,D:\AAG\Milano_SVI\lang2img\0_Dataprocessing\views_4\APY0g9qX0roKGCz_7UwUsg_090.jpg,APY0g9qX0roKGCz_7UwUsg_090.jpg,images/APY0g9qX0roKGCz_7UwUsg_090.jpg,0,0,0,1,0,D:\AAG\Milano_SVI\lang2img\0_Dataprocessing\views_4\APY0g9qX0roKGCz_7UwUsg_090.jpg
Q01_POOL_0053_N9J2,Q01,"a safe, quiet place with lots of greenery where people can read outdoors",62,It8ZwslkDe5KUVqZh-oDcg,90,D:\AAG\Milano_SVI\lang2img\0_Dataprocessing\views_4\It8ZwslkDe5KUVqZh-oDcg_090.jpg,It8ZwslkDe5KUVqZh-oDcg_090.jpg,images/It8ZwslkDe5KUVqZh-oDcg_090.jpg,0,0,0,1,0,D:\AAG\Milano_SVI\lang2img\0_Dataprocessing\views_4\It8ZwslkDe5KUVqZh-oDcg_090.jpg
Q01_POOL_0054_QP89,Q01,"a safe, quiet place with lots of greenery where people can read outdoors",9,Ngcu0CASS5gxStMzmfZEWA,270,D:\AAG\Milano_SVI\lang2img\0_Dataprocessing\views_4\Ngcu0CASS5gxStMzmfZEWA_270.jpg,Ngcu0CASS5gxStMzmfZEWA_270.jpg,images/Ngcu0CASS5gxStMzmfZEWA_270.jpg,0,0,0,1,0,D:\AAG\Milano_SVI\lang2img\0_Dataprocessing\views_4\Ngcu0CASS5gxStMzmfZEWA_270.jpg
Q01_POOL_0055_UZFK,Q01,"a safe, quiet place with lots of greenery where people can read outdoors",50,T3q8pX1I3Q4iai1SFs3tqw,90,D:\AAG\Milano_SVI\lang2img\0_Dataprocessing\views_4\T3q8pX1I3Q4iai1SFs3tqw_090.jpg,T3q8pX1I3Q4iai1SFs3tqw_090.jpg,images/T3q8pX1I3Q4iai1SFs3tqw_090.jpg,0,0,0,1,0,D:\AAG\Milano_SVI\lang2img\0_Dataprocessing\views_4\T3q8pX1I3Q4iai1SFs3tqw_090.jpg
Q01_POOL_0056_8UT0,Q01,"a safe, quiet place with lots of greenery where people can read outdoors",22,TH04CWk_FwtUkbCEqtZ0aw,90,D:\AAG\Milano_SVI\lang2img\0_Dataprocessing\views_4\TH04CWk_FwtUkbCEqtZ0aw_090.jpg,TH04CWk_FwtUkbCEqtZ0aw_090.jpg,images/TH04CWk_FwtUkbCEqtZ0aw_090.jpg,0,0,0,1,0,D:\AAG\Milano_SVI\lang2img\0_Dataprocessing\views_4\TH04CWk_FwtUkbCEqtZ0aw_090.jpg
Q01_POOL_0057_CVS4,Q01,"a safe, quiet place with lots of greenery where people can read outdoors",1,Z_wT2ry7Qouus-tbofB8TQ,270,D:\AAG\Milano_SVI\lang2img\0_Dataprocessing\views_4\Z_wT2ry7Qouus-tbofB8TQ_270.jpg,Z_wT2ry7Qouus-tbofB8TQ_270.jpg,images/Z_wT2ry7Qouus-tbofB8TQ_270.jpg,0,0,0,1,0,D:\AAG\Milano_SVI\lang2img\0_Dataprocessing\views_4\Z_wT2ry7Qouus-tbofB8TQ_270.jpg
Q01_POOL_0058_F8CG,Q01,"a safe, quiet place with lots of greenery where people can read outdoors",3,_nrceSws8ZERyFR_ZfU45g,90,D:\AAG\Milano_SVI\lang2img\0_Dataprocessing\views_4\_nrceSws8ZERyFR_ZfU45g_090.jpg,_nrceSws8ZERyFR_ZfU45g_090.jpg,images/_nrceSws8ZERyFR_ZfU45g_090.jpg,0,0,0,1,0,D:\AAG\Milano_SVI\lang2img\0_Dataprocessing\views_4\_nrceSws8ZERyFR_ZfU45g_090.jpg
Q01_POOL_0059_VYIE,Q01,"a safe, quiet place with lots of greenery where people can read outdoors",18,a3kY7BS7cIdCIY2thSvc9w,270,D:\AAG\Milano_SVI\lang2img\0_Dataprocessing\views_4\a3kY7BS7cIdCIY2thSvc9w_270.jpg,a3kY7BS7cIdCIY2thSvc9w_270.jpg,images/a3kY7BS7cIdCIY2thSvc9w_270.jpg,0,0,0,1,0,D:\AAG\Milano_SVI\lang2img\0_Dataprocessing\views_4\a3kY7BS7cIdCIY2thSvc9w_270.jpg
Q01_POOL_0060_6IVW,Q01,"a safe, quiet place with lots of greenery where people can read outdoors",54,jrce2IWihlk-T4v73xSvGQ,270,D:\AAG\Milano_SVI\lang2img\0_Dataprocessing\views_4\jrce2IWihlk-T4v73xSvGQ_270.jpg,jrce2IWihlk-T4v73xSvGQ_270.jpg,images/jrce2IWihlk-T4v73xSvGQ_270.jpg,0,0,0,1,0,D:\AAG\Milano_SVI\lang2img\0_Dataprocessing\views_4\jrce2IWihlk-T4v73xSvGQ_270.jpg
Q01_POOL_0061_PVS7,Q01,"a safe, quiet place with lots of greenery where people can read outdoors",28,ks35yQ_tsKMbPfe2ctskPw,90,D:\AAG\Milano_SVI\lang2img\0_Dataprocessing\views_4\ks35yQ_tsKMbPfe2ctskPw_090.jpg,ks35yQ_tsKMbPfe2ctskPw_090.jpg,images/ks35yQ_tsKMbPfe2ctskPw_090.jpg,0,0,0,1,0,D:\AAG\Milano_SVI\lang2img\0_Dataprocessing\views_4\ks35yQ_tsKMbPfe2ctskPw_090.jpg
Q01_POOL_0062_HZIO,Q01,"a safe, quiet place with lots of greenery where people can read outdoors",41,p3_lJPa7ETBz0SyDJNC9Ag,90,D:\AAG\Milano_SVI\lang2img\0_Dataprocessing\views_4\p3_lJPa7ETBz0SyDJNC9Ag_090.jpg,p3_lJPa7ETBz0SyDJNC9Ag_090.jpg,images/p3_lJPa7ETBz0SyDJNC9Ag_090.jpg,0,0,0,1,0,D:\AAG\Milano_SVI\lang2img\0_Dataprocessing\views_4\p3_lJPa7ETBz0SyDJNC9Ag_090.jpg
Q01_POOL_0063_YKL1,Q01,"a safe, quiet place with lots of greenery where people can read outdoors",6,pvDcJVQax1eBV26QQNLFtg,270,D:\AAG\Milano_SVI\lang2img\0_Dataprocessing\views_4\pvDcJVQax1eBV26QQNLFtg_270.jpg,pvDcJVQax1eBV26QQNLFtg_270.jpg,images/pvDcJVQax1eBV26QQNLFtg_270.jpg,0,0,0,1,0,D:\AAG\Milano_SVI\lang2img\0_Dataprocessing\views_4\pvDcJVQax1eBV26QQNLFtg_270.jpg
Q01_POOL_0064_CQ99,Q01,"a safe, quiet place with lots of greenery where people can read outdoors",7,0-q0HDNAVlaR-aCnp9eXYw,270,D:\AAG\Milano_SVI\lang2img\0_Dataprocessing\views_4\0-q0HDNAVlaR-aCnp9eXYw_270.jpg,0-q0HDNAVlaR-aCnp9eXYw_270.jpg,images/0-q0HDNAVlaR-aCnp9eXYw_270.jpg,0,0,0,0,1,D:\AAG\Milano_SVI\lang2img\0_Dataprocessing\views_4\0-q0HDNAVlaR-aCnp9eXYw_270.jpg
Q01_POOL_0065_CHJ7,Q01,"a safe, quiet place with lots of greenery where people can read outdoors",33,2od7xLR7cbjGmv8YpfJ9Nw,90,D:\AAG\Milano_SVI\lang2img\0_Dataprocessing\views_4\2od7xLR7cbjGmv8YpfJ9Nw_090.jpg,2od7xLR7cbjGmv8YpfJ9Nw_090.jpg,images/2od7xLR7cbjGmv8YpfJ9Nw_090.jpg,0,0,0,0,1,D:\AAG\Milano_SVI\lang2img\0_Dataprocessing\views_4\2od7xLR7cbjGmv8YpfJ9Nw_090.jpg
Q01_POOL_0066_55NF,Q01,"a safe, quiet place with lots of greenery where people can read outdoors",63,FnEiuH57sr-OHDhIC06jYA,270,D:\AAG\Milano_SVI\lang2img\0_Dataprocessing\views_4\FnEiuH57sr-OHDhIC06jYA_270.jpg,FnEiuH57sr-OHDhIC06jYA_270.jpg,images/FnEiuH57sr-OHDhIC06jYA_270.jpg,0,0,0,0,1,D:\AAG\Milano_SVI\lang2img\0_Dataprocessing\views_4\FnEiuH57sr-OHDhIC06jYA_270.jpg
Q01_POOL_0067_4ZW9,Q01,"a safe, quiet place with lots of greenery where people can read outdoors",65,KEBGPMkDGhjfgTttAR72aQ,270,D:\AAG\Milano_SVI\lang2img\0_Dataprocessing\views_4\KEBGPMkDGhjfgTttAR72aQ_270.jpg,KEBGPMkDGhjfgTttAR72aQ_270.jpg,images/KEBGPMkDGhjfgTttAR72aQ_270.jpg,0,0,0,0,1,D:\AAG\Milano_SVI\lang2img\0_Dataprocessing\views_4\KEBGPMkDGhjfgTttAR72aQ_270.jpg
Q01_POOL_0068_XA3K,Q01,"a safe, quiet place with lots of greenery where people can read outdoors",34,gGOJDsSIqbnsFiO8pajHkA,90,D:\AAG\Milano_SVI\lang2img\0_Dataprocessing\views_4\gGOJDsSIqbnsFiO8pajHkA_090.jpg,gGOJDsSIqbnsFiO8pajHkA_090.jpg,images/gGOJDsSIqbnsFiO8pajHkA_090.jpg,0,0,0,0,1,D:\AAG\Milano_SVI\lang2img\0_Dataprocessing\views_4\gGOJDsSIqbnsFiO8pajHkA_090.jpg
Q01_POOL_0069_X7EE,Q01,"a safe, quiet place with lots of greenery where people can read outdoors",27,o3W5L47mwo95EGPFFcTVkQ,270,D:\AAG\Milano_SVI\lang2img\0_Dataprocessing\views_4\o3W5L47mwo95EGPFFcTVkQ_270.jpg,o3W5L47mwo95EGPFFcTVkQ_270.jpg,images/o3W5L47mwo95EGPFFcTVkQ_270.jpg,0,0,0,0,1,D:\AAG\Milano_SVI\lang2img\0_Dataprocessing\views_4\o3W5L47mwo95EGPFFcTVkQ_270.jpg
Q01_POOL_0070_DTJV,Q01,"a safe, quiet place with lots of greenery where people can read outdoors",44,pGydWPnY_V9wofFjBOfFHQ,270,D:\AAG\Milano_SVI\lang2img\0_Dataprocessing\views_4\pGydWPnY_V9wofFjBOfFHQ_270.jpg,pGydWPnY_V9wofFjBOfFHQ_270.jpg,images/pGydWPnY_V9wofFjBOfFHQ_270.jpg,0,0,0,0,1,D:\AAG\Milano_SVI\lang2img\0_Dataprocessing\views_4\pGydWPnY_V9wofFjBOfFHQ_270.jpg
